{
  "dkt_auc": 0.5385702351115885,
  "dkt_acc": 0.573469387755102,
  "dkt_f1": 0.6779661016949152,
  "baseline_auc": 0.5908366153478936,
  "baseline_acc": 0.6295918367346939,
  "baseline_f1": 0.7317073170731707
}